corpus,silhouette,average_diameter_dist,complete_diameter_dist
ANC,0.008203183300793171,662.5295355051453,836.5516967773438
KBEval,-0.0045729936100542545,660.5642518190446,826.2442626953125
LUCorpus-v0.3,-0.011673172935843468,674.1700721020521,844.23681640625
Miscellaneous,-0.01583135686814785,665.5645010577621,827.9553833007812
NTI,0.02840074524283409,637.3211848015474,833.6470947265625
PropBank,0.007899902760982513,660.2115099715099,828.9876708984375
WikiTexts,0.01620468869805336,656.2143380429095,811.7965698242188
OVERALL,0.00681440019980073,0.0,0.0
