corpus,silhouette,average_diameter_dist,complete_diameter_dist
ANC,-0.008666066452860832,554.6283909961209,811.1209716796875
KBEval,-0.017652997747063637,523.3134662026785,756.043701171875
LUCorpus-v0.3,-0.025952648371458054,549.8434165280089,846.6215209960938
Miscellaneous,-0.03286692872643471,541.9911043334604,801.994873046875
NTI,0.04661344736814499,489.8931796955103,793.716552734375
PropBank,-0.006453617941588163,550.462032288699,803.8886108398438
WikiTexts,0.0043180957436561584,545.6663003663003,758.6177978515625
OVERALL,0.0002792628074530512,0.0,0.0
