corpus,silhouette,average_diameter_dist,complete_diameter_dist
ANC,0.004882538225501776,432.28745238501335,573.71337890625
KBEval,-0.0178016759455204,434.70129705789304,575.7625732421875
LUCorpus-v0.3,-0.01236847136169672,435.93455352190796,577.8173217773438
Miscellaneous,-0.02485133707523346,433.95576087850316,579.545654296875
NTI,0.04939759522676468,401.39351880396333,568.6397094726562
PropBank,9.005432366393507e-05,432.97363722697054,568.3710327148438
WikiTexts,0.01813942939043045,423.59442700156984,536.5985107421875
OVERALL,0.008497469127178192,0.0,0.0
