corpus,silhouette,average_diameter_dist,complete_diameter_dist
ANC,-0.0058847153559327126,410.8262069387773,584.5693969726562
KBEval,-0.023593224585056305,395.0057154908784,555.0380249023438
LUCorpus-v0.3,-0.026826433837413788,411.42833056017747,599.7769165039062
Miscellaneous,-0.03902197629213333,407.34073392986625,577.3673095703125
NTI,0.055273666977882385,364.34659852527784,592.2683715820312
PropBank,-0.015156595036387444,410.53861348528017,578.5202026367188
WikiTexts,0.017833124846220016,396.13124018838306,543.1619262695312
OVERALL,0.0017749735852703452,0.0,0.0
